{"engagement_percentage": {"rearview_mirror": 36.29629629629629, "left_side_mirror": 18.51851851851852, "right_side_mirror": 1.4814814814814814, "dashboard": 1.4814814814814814, "road": 42.22222222222222, "other": 0.0}, "total_time": 67.71691799163818, "engagement_score": 71.60903132946706, "most_engaged_stimulus": "road", "least_engaged_stimulus": "other", "total_engagement_time": {"rearview_mirror": 9.346842201662735, "left_side_mirror": 4.768797041664661, "right_side_mirror": 0.3815037633331729, "dashboard": 0.3815037633331729, "road": 10.872857254995427, "other": 0.0}}